<?xml version="1.0" encoding="UTF-8"?>
<ti:module xmlns:ti="http://ti.appcelerator.org" xmlns:android="http://schemas.android.com/apk/res/android">
    <!--
        Similar to tiapp.xml, but contains module/platform specific
        configuration in <iphone> and <android> sections
    -->
    <iphone>
    </iphone>
    <android xmlns:android="http://schemas.android.com/apk/res/android">
    <manifest>
      <uses-permission android:name="android.permission.ACCESS_FINE_LOCATION" />
      <uses-feature android:name="android.hardware.location.gps" />
      <service android:name=".LocationUpdatesService"/>
        </manifest>
    </android>
    <modules>
    <module platform="android">ti.playservices</module>
    </modules>
</ti:module>